operator_name,gt_operator,operator_body,n_operator_successes,n_operator_attempts,score,
TurnOn_2,,"(:action TurnOn_2
        :parameters (?a - agent ?l - location ?o - object)

        :precondition (and 
		(atLocation ?a ?l)
		(objectAtLocation ?o ?l)
		(toggleable ?o)
		)
        :effect (and 
		(isToggled ?o)
		)
)",31.05,31.5,0.9857142857142858,
CleanObject_1,"(:action CleanObject
        :parameters (?a - agent ?l - location ?r - receptacle ?o - object)
        :precondition (and
            (receptacleType ?r SinkBasinType)
            (atLocation ?a ?l)
            (receptacleAtLocation ?r ?l)
            (holds ?a ?o)
        )
        :effect (and
            (isClean ?o)
        )
    )","(:action CleanObject_1
        :parameters (?toolreceptacle - receptacle ?a - agent ?l - location ?o - object)

        :precondition (and 
		(receptacleType ?toolreceptacle SinkBasinType)
		(atLocation ?a ?l)
		(receptacleAtLocation ?toolreceptacle ?l)
		(holds ?a ?o)
		)
        :effect (and 
		(isClean ?o)
		)
)",27.05,27.5,0.9836363636363636,
PickupObjectInReceptacle,"(:action PickupObjectInReceptacle
        :parameters (?a - agent ?l - location ?o - object ?r - receptacle)
        :precondition (and
            (atLocation ?a ?l)
            (objectAtLocation ?o ?l)
            (inReceptacle ?o ?r)
            (not (holdsAny ?a))
        )
        :effect (and
            (not (objectAtLocation ?o ?l))
            (not (inReceptacle ?o ?r))
            (holds ?a ?o)
            (holdsAny ?a)
        )
    )","(:action PickupObjectInReceptacle
        :parameters (?a - agent ?l - location ?o - object ?r - receptacle)
        :precondition (and
            (atLocation ?a ?l)
            (objectAtLocation ?o ?l)
            (inReceptacle ?o ?r)
            (not (holdsAny ?a))
        )
        :effect (and
            (not (objectAtLocation ?o ?l))
            (not (inReceptacle ?o ?r))
            (holds ?a ?o)
            (holdsAny ?a)
        )
    )",156.05,159.5,0.978369905956113,
CoolObject_0,"(:action CoolObject
        :parameters (?a - agent ?l - location ?r - receptacle ?o - object)
        :precondition (and
            (receptacleType ?r FridgeType)
            (atLocation ?a ?l)
            (receptacleAtLocation ?r ?l)
            (holds ?a ?o)
        )
        :effect (and
            (isCool ?o)
        )
    )","(:action CoolObject_0
        :parameters (?toolreceptacle - receptacle ?a - agent ?l - location ?o - object)

        :precondition (and 
		(receptacleType ?toolreceptacle FridgeType)
		(atLocation ?a ?l)
		(receptacleAtLocation ?toolreceptacle ?l)
		(holds ?a ?o)
		)
        :effect (and 
		(isCool ?o)
		)
)",31.05,32.5,0.9553846153846154,
PickupObjectNotInReceptacle,"(:action PickupObjectNotInReceptacle
        :parameters (?a - agent ?l - location ?o - object)
        :precondition (and
            (atLocation ?a ?l)
            (objectAtLocation ?o ?l)
            (not (holdsAny ?a))
            (forall
                (?re - receptacle)
                (not (inReceptacle ?o ?re))
            )
        )
        :effect (and
            (not (objectAtLocation ?o ?l))
            (holds ?a ?o)
            (holdsAny ?a)
        )
    )","(:action PickupObjectNotInReceptacle
        :parameters (?a - agent ?l - location ?o - object)
        :precondition (and
            (atLocation ?a ?l)
            (objectAtLocation ?o ?l)
            (not (holdsAny ?a))
            (forall
                (?re - receptacle)
                (not (inReceptacle ?o ?re))
            )
        )
        :effect (and
            (not (objectAtLocation ?o ?l))
            (holds ?a ?o)
            (holdsAny ?a)
        )
    )",8.05,8.5,0.9470588235294118,
MicrowaveObject_0,,"(:action MicrowaveObject_0
        :parameters (?toolreceptacle - receptacle ?a - agent ?l - location ?o - object)

        :precondition (and 
		(receptacleType ?toolreceptacle MicrowaveType)
		(atLocation ?a ?l)
		(receptacleAtLocation ?toolreceptacle ?l)
		(holds ?a ?o)
		)
        :effect (and 
		(isHot ?o)
		)
)",30.05,33.5,0.8970149253731343,
PutObjectInReceptacle,"(:action PutObjectInReceptacle
        :parameters (?a - agent ?l - location ?ot - otype ?o - object ?r - receptacle)
        :precondition (and
            (atLocation ?a ?l)
            (receptacleAtLocation ?r ?l)
            (objectType ?o ?ot)
            (holds ?a ?o)
            (not (holdsAnyReceptacleObject ?a))
        )
        :effect (and
            (inReceptacle ?o ?r)
            (not (holds ?a ?o))
            (not (holdsAny ?a))
            (objectAtLocation ?o ?l)
        )
    )","(:action PutObjectInReceptacle
        :parameters (?a - agent ?l - location ?ot - otype ?o - object ?r - receptacle)
        :precondition (and
            (atLocation ?a ?l)
            (receptacleAtLocation ?r ?l)
            (objectType ?o ?ot)
            (holds ?a ?o)
            (not (holdsAnyReceptacleObject ?a))
        )
        :effect (and
            (inReceptacle ?o ?r)
            (not (holds ?a ?o))
            (not (holdsAny ?a))
            (objectAtLocation ?o ?l)
        )
    )",106.05,123.5,0.8587044534412955,
RinseObject_2,,"(:action RinseObject_2
        :parameters (?a - agent ?l - location ?o - object)

        :precondition (and 
		(atLocation ?a ?l)
		(objectAtLocation ?o ?l)
		(cleanable ?o)
		)
        :effect (and 
		(isClean ?o)
		)
)",0.05,1.5,0.03333333333333333,
CleanObject_2,"(:action CleanObject
        :parameters (?a - agent ?l - location ?r - receptacle ?o - object)
        :precondition (and
            (receptacleType ?r SinkBasinType)
            (atLocation ?a ?l)
            (receptacleAtLocation ?r ?l)
            (holds ?a ?o)
        )
        :effect (and
            (isClean ?o)
        )
    )","(:action CleanObject_2
        :parameters (?a - agent ?l - location ?o - object)

        :precondition (and 
		(atLocation ?a ?l)
		(objectAtLocation ?o ?l)
		(cleanable ?o)
		)
        :effect (and 
		(isClean ?o)
		)
)",0.05,1.5,0.03333333333333333,
WarmObject_1,,"(:action WarmObject_1
        :parameters (?a - agent ?l - location ?toolreceptacle - receptacle ?o - object)

        :precondition (and 
		(atLocation ?a ?l)
		(receptacleAtLocation ?toolreceptacle ?l)
		(holds ?a ?o)
		)
        :effect (and 
		(isHot ?o)
		)
)",0.05,1.5,0.03333333333333333,
CookObject_0,,"(:action CookObject_0
        :parameters (?a - agent ?l - location ?toolreceptacle - receptacle ?o - object)

        :precondition (and 
		(atLocation ?a ?l)
		(receptacleAtLocation ?toolreceptacle ?l)
		(holds ?a ?o)
		)
        :effect (and 
		(isHot ?o)
		)
)",0.05,1.5,0.03333333333333333,
CookObject_2,,"(:action CookObject_2
        :parameters (?a - agent ?l - location ?o - object)

        :precondition (and 
		(atLocation ?a ?l)
		(objectAtLocation ?o ?l)
		)
        :effect (and 
		(isHot ?o)
		)
)",0.05,1.5,0.03333333333333333,
ChillObject_1,,"(:action ChillObject_1
        :parameters (?a - agent ?l - location ?receptacle - receptacle ?o - object)

        :precondition (and 
		(atLocation ?a ?l)
		(receptacleAtLocation ?receptacle ?l)
		(holds ?a ?o)
		)
        :effect (and 
		(isCool ?o)
		)
)",0.05,1.5,0.03333333333333333,
CoolObject_2,"(:action CoolObject
        :parameters (?a - agent ?l - location ?r - receptacle ?o - object)
        :precondition (and
            (receptacleType ?r FridgeType)
            (atLocation ?a ?l)
            (receptacleAtLocation ?r ?l)
            (holds ?a ?o)
        )
        :effect (and
            (isCool ?o)
        )
    )","(:action CoolObject_2
        :parameters (?a - agent ?l - location ?o - object)

        :precondition (and 
		(atLocation ?a ?l)
		(objectAtLocation ?o ?l)
		)
        :effect (and 
		(isCool ?o)
		)
)",0.05,1.5,0.03333333333333333,
MicrowaveObject_1,,"(:action MicrowaveObject_1
        :parameters (?a - agent ?l - location ?o - object)

        :precondition (and 
		(atLocation ?a ?l)
		(objectAtLocation ?o ?l)
		)
        :effect (and 
		(isHot ?o)
		)
)",0.05,2.5,0.02,
